index,code,type_of_activity,country,2014_total,2014_direct,2015_total,2015_direct,2016_total,2016_direct,2017_total,2017_direct,2018_total,2018_direct,2019_total,2019_direct,2020_total,2020_direct,2021_total,2021_direct,2022_total,2022_direct,2023_totoal,2023_direct
1,1,"բուսաբուծություն ու անասնաբուծություն, որսորդություն և հարակից ծառայություններ",Argentina,5638.9,4978.4,12504.2,12504.2,3975.1,3505.5,3519.5,2940.9,1792,2590.4,747.1,971.3,42.7,42.7,3505.9,3505.9,190.2,190.2,835.3,835.3
2,1,"բուսաբուծություն ու անասնաբուծություն, որսորդություն և հարակից ծառայություններ",Lebanon,,,,,,,,,,,18.5,33.9,4.7,4.7,19.2,19.2,28,28,33.8,33.8
3,1,"բուսաբուծություն ու անասնաբուծություն, որսորդություն և հարակից ծառայություններ",Russian Federation,157.5,176.3,8.3,,130,5,10.4,,35.1,12.4,310.4,304.9,181.7,182.5,263.5,238,178.2,190.8,437.2,437.2
4,3,ձկնորսություն և ձկնաբուծություն,Russian Federation,,,,,,,,,,,122.9,122.9,28.2,28.2,209.2,209.2,45.5,45.5,52.2,52.2
5,7,մետաղական  հանքաքարի արդյյունահանում,"Virgin Islands, British",275.6,275.6,,,,,,,,,,,,,,,,,1496.4,1496.4
6,7,մետաղական  հանքաքարի արդյյունահանում,Cyprus,52451.6,,1444.9,,946.4,,9593.2,,940.7,,,,,,,,3185.7,3185.7,33171.7,37119.7
7,7,մետաղական  հանքաքարի արդյյունահանում,Georgia,,,,,,,,,,,,,,,,,,,203.6,
8,7,մետաղական  հանքաքարի արդյյունահանում,Germany,,,,,,,,,,,,,37229.7,3042.1,55033.8,41062.4,,,,
9,7,մետաղական  հանքաքարի արդյյունահանում,Netherlands,1406.7,794.8,132.5,,16739.4,1430.5,12262.9,2994.5,13230.1,2938.5,1111,1601,21027.6,21520.4,4427.7,6136.6,24856.9,21485.7,16107.6,16107.6
10,7,մետաղական  հանքաքարի արդյյունահանում,Russian Federation,,,3006.8,3006.8,16415,16415,1.2,1.2,3140.5,3100,497.4,,2659.5,210.9,23137.5,9404,67032.5,64975.2,3839,7630.8
11,7,մետաղական  հանքաքարի արդյյունահանում,Singapore,,,,,,,,,,,,,,,,,,,16736.5,
12,7,մետաղական  հանքաքարի արդյյունահանում,United Kingdom,,,,,,,,,,,,,,,,,,,33,
13,7,մետաղական  հանքաքարի արդյյունահանում,Other countries,,,,,,,,,,,,,,,,,,,17029.1,
14,8,հանքագործական արդյունաբերության և բացահանքերի շահագործման այլ ճյուղեր,Croatia,31.8,,43.1,,74,,8.2,,152.2,6.1,35.1,35.1,2.1,2.1,61.3,61.3,2.8,2.8,5.7,5.7
15,8,հանքագործական արդյունաբերության և բացահանքերի շահագործման այլ ճյուղեր,Cyprus,177.2,,8.2,59.3,,,,,,,,,,,,,,,,
16,8,հանքագործական արդյունաբերության և բացահանքերի շահագործման այլ ճյուղեր,Germany,5475.4,12299.9,12300.7,15765.6,15003.5,7333.1,354.6,10968.3,35562.2,11109.1,10934.5,2176,,,,,,,,
17,8,հանքագործական արդյունաբերության և բացահանքերի շահագործման այլ ճյուղեր,Netherlands,2.7,14.5,,,,,,,,,,,,,,,,,,
18,8,հանքագործական արդյունաբերության և բացահանքերի շահագործման այլ ճյուղեր,Russian Federation,,,,,4449.7,14.6,2319.2,2141.4,570.3,16.2,2699.5,2.1,32.5,32.5,1817.8,1030.4,456.7,581.5,216.1,537.4
19,8,հանքագործական արդյունաբերության և բացահանքերի շահագործման այլ ճյուղեր,Switzerland,5596.6,4774.4,43650.8,42167,385.4,,,,,,,,,,,,,,,
20,8,հանքագործական արդյունաբերության և բացահանքերի շահագործման այլ ճյուղեր,United Kingdom,357.9,596.4,545.4,,25.9,,25.8,,7.2,,,,,,,,,,,
21,8,հանքագործական արդյունաբերության և բացահանքերի շահագործման այլ ճյուղեր,Other countries,,,,,,,,,,,,,,,,,,,68.4,
22,9,հանքագործական արդյունաբերության հարակից գործունեություն,Canada,,,,,,,,,,,,,4393.6,4393.6,1098.9,1098.9,8058.8,8058.8,25530.6,25530.6
23,9,հանքագործական արդյունաբերության հարակից գործունեություն,Ireland,,,,,,,59.1,42.7,134.2,,,,,,,,,,,
24,9,հանքագործական արդյունաբերության հարակից գործունեություն,Netherlands,,,,,,,,,1467.1,1234.3,,,,,,,,,,
25,9,հանքագործական արդյունաբերության հարակից գործունեություն,Russian Federation,437.7,,295,,253.7,1182.5,31.2,9.4,50,,,,,,,,,,,
26,9,հանքագործական արդյունաբերության հարակից գործունեություն,United Kingdom,2691.1,2691.1,3371.5,3371.5,30551.2,30551.2,,,,,,,,,,,,,,
27,9,հանքագործական արդյունաբերության հարակից գործունեություն,Jersey,,,,,10119.1,10119.1,107888.2,107888.2,20640,20640,,,406.9,406.9,,,,,,
28,10,սննդամթերքի արտադրություն,Canada,484.6,2.3,1225.7,211.4,,,,,,,,,,,,,,,,
29,10,սննդամթերքի արտադրություն,Cuba,178.7,178.7,637.5,637.5,489.6,489.6,751.1,751.1,126.1,126.1,1237.6,1237.6,1082.7,1082.7,530.7,530.7,683.3,683.3,681.1,681.1
30,10,սննդամթերքի արտադրություն,"Iran,Islamic Republic of",,,591.4,52.8,217,33,31.3,85.8,149.9,,,,,,,,139.4,,,
31,10,սննդամթերքի արտադրություն,Lebanon,41.1,41.1,430,430,1873.7,1873.7,,,,,,,,,,,,,,
32,10,սննդամթերքի արտադրություն,Panama,8.8,8.8,283.8,283.8,30.3,30.3,201.9,201.9,,,,,,,,,,,,
33,10,սննդամթերքի արտադրություն,Russian Federation,1.5,1.5,0.3,0.3,0.7,0.7,1.1,1.1,5.2,5.2,1.4,1.4,111,166.8,12.9,12,1255.1,507.4,,
34,10,սննդամթերքի արտադրություն,United Arab Emirates,,,,,,,,,,,31.5,31.5,7.9,7.9,25.2,25.2,8.4,8.4,,
35,10,սննդամթերքի արտադրություն,United Kingdom,,,,,,,,,,,,,,,1835.8,,402.1,,449,
36,10,սննդամթերքի արտադրություն,Other countries,,,,,,,,,,,,,,,,,,,161.3,
37,11,խմիչքների արտադրություն,"Virgin Islands, British",,,,,,,,,,,,,,,0.2,,5.4,,,
38,11,խմիչքների արտադրություն,Bulgaria,,,,,,,,,,,,,,,,,,,1031.7,
39,11,խմիչքների արտադրություն,China,,,,,,,,,,,7.5,7.5,37.1,37.1,168.7,169,63.9,63.9,28.2,28.2
40,11,խմիչքների արտադրություն,Cyprus,,,,,,,,,,,,,,,2.2,,,,,
41,11,խմիչքների արտադրություն,France,2339.6,2308,5911,5748.2,6451.6,6232.7,11293.2,11072.8,2092.9,1910.7,1317.4,1413.7,1.5,12.3,1102.8,994.1,1840.8,1441.5,4121.8,4121.8
42,11,խմիչքների արտադրություն,Luxembourg,6415.2,8228.2,1101,1437.8,1257.2,422.8,1593.2,1719.8,830.8,584.9,2838.3,1287.2,3666,2124.4,2806.5,2393,5633.2,125.2,9365.2,9365.2
43,11,խմիչքների արտադրություն,Russian Federation,,,,,,,,,,,,,,,2.6,,322.5,0.7,,
44,11,խմիչքների արտադրություն,Saudi Arabia,,,,,,,,,,,,,,,,,,,1366.6,
45,11,խմիչքների արտադրություն,United Kingdom,11118.4,11093.5,3701.6,3442.1,900,1219.4,240.6,234.2,664.4,650.4,297.5,297.5,146.7,146.7,675.3,675.3,290.2,290.2,342.6,342.6
46,11,խմիչքների արտադրություն,United States,377.9,316.4,,,,,,,,,,,,,,,,,,
47,11,խմիչքների արտադրություն,Other countries,,,,,,,,,,,,,,,,,,,327.5,
48,12,manufacture of tobacco products,Canada,1232.4,211.7,2789.5,2123.3,6922.1,,3425.3,,2544.7,,1108.2,,181.6,,10341.7,,7090.9,,,
49,12,manufacture of tobacco products,Germany,,,,,,,,,,,,,,,,,,,50.5,
50,12,manufacture of tobacco products,Greece,,,,,,,,,,,,,,,,,,,123.4,
51,12,manufacture of tobacco products,Switzerland,,,,,,,,,,,,,,,,,,,36.5,
52,12,manufacture of tobacco products,United Arab Emirates,,,,,,,,,,,,,,,,,,,2595,
53,12,manufacture of tobacco products,Other countries,,,,,,,,,,,,,,,,,,,1617.1,
54,14,հագուստի արտադրություն,Germany,90.1,27.5,195,11.7,435,98.9,165.3,-0.8,,,,,,,,,,,,
55,14,հագուստի արտադրություն,Netherlands,,,,,31.1,30.4,9.5,8.9,,,,,,,,,,,,
56,14,հագուստի արտադրություն,Poland,423.2,423.2,,,,,,,,,,,,,,,,,,
57,14,հագուստի արտադրություն,Russian Federation,,,31.4,8.6,128.7,123.5,28.2,,,,,,,,,,,,,
58,14,հագուստի արտադրություն,Other countries,,,,,,,,,,,,,,,,,,,838.8,
59,15,"կաշվի, կաշվե արտադրատեսակների արտադրություն",Russian Federation,3.1,3.1,1.7,1.7,2.8,2.8,2.2,2.2,3.3,3.3,2.6,2.6,0.8,0.8,3.2,3.2,2.7,2.7,,
60,17,թղթի և թղթե արտադրատեսակների արտադրություն,Other countries,,,,,,,,,,,,,,,,,,,3847.2,
61,20,քիմիական նյութերի և քիմիական արտադրատեսակների արտադրություն,Canada,,,,,,,,,,,,,,,,,,,448.6,448.6
62,20,քիմիական նյութերի և քիմիական արտադրատեսակների արտադրություն,Italy,,,1190.4,1190.4,211.3,211.3,563.6,563.6,,,174.9,174.9,147.4,147.4,,,66.6,66.6,312.2,312.2
63,21,հիմնական դեղագործական արտադրանքի և պատրաստուկների արտադրություն,International organizations,,,,,,,,,,,238,238,,,,,,,,
64,21,հիմնական դեղագործական արտադրանքի և պատրաստուկների արտադրություն,Russian Federation,496.8,496.8,6114.6,6114.6,,,,,,,,,,,1133.6,1133.6,0.5,0.5,0.6,0.6
65,21,հիմնական դեղագործական արտադրանքի և պատրաստուկների արտադրություն,Saint Vincent and the Grenadines,,,,,,,,,,,,,,,,,,,100.8,100.8
66,21,հիմնական դեղագործական արտադրանքի և պատրաստուկների արտադրություն,United Kingdom,,,456,,,,,,,,,,,,,,,,,
67,23,այլ ոչ մետաղական հանքային արտադրատեսակների արտադրություն,International organizations,,,4.1,,383.6,,590.3,,,,600.4,,148.7,,479.5,,613.8,,975.9,
68,23,այլ ոչ մետաղական հանքային արտադրատեսակների արտադրություն,United Arab Emirates,,,,,,,,,,,,,,,22.2,,,,,
69,23,այլ ոչ մետաղական հանքային արտադրատեսակների արտադրություն,Other countries,,,,,,,,,619.9,619.9,,,244.7,244.7,82.6,82.6,142.8,142.8,35.4,172.1
70,24,հիմնական մետաղների արտադրություն,Cyprus,9368.8,7136.8,2263.7,4984.5,8412.7,259.2,605.6,316.5,397.2,78.6,6.8,168.5,1225.9,1047.1,2721.2,6515,1864,1235.5,3316.4,3316.4
71,24,հիմնական մետաղների արտադրություն,Germany,8927.6,7542,14740.2,15147.2,5782.3,6798.2,3471.2,3471.2,4160.5,4160.5,2047.7,2047.7,8809.3,8809.3,5282.8,5282.8,5176.1,5176.1,9366.7,9366.7
72,24,հիմնական մետաղների արտադրություն,Russian Federation,35.2,44.9,1579.1,1577.2,12711.6,2314.3,2284.6,1653.2,4606.9,2375.7,12308.7,7903.8,,,,,,,,
73,24,հիմնական մետաղների արտադրություն,United Kingdom,36.8,39.5,43419.5,41526.2,2079,1057.9,1085.2,1414.1,3334.8,122.8,3490.9,1243.5,4125.2,1240.6,6610.7,5349.6,5667.7,479.6,3966.3,3966.3
74,24,հիմնական մետաղների արտադրություն,United States,,,,,,,,,,,,,,,,,,,3563.6,3563.6
75,24,հիմնական մետաղների արտադրություն,Other countries,,,,,,,,,,,,,,,,,,,2782,
76,25,"պատրաստի մետաղե արտադրատեսակների արտադրություն, բացի մեքենաներից և սարքավորանքից",Lebanon,,,,,,,,,,,1.7,1.7,31.7,31.7,17.1,17.1,16.3,16.3,67.7,67.7
77,26,"համակարգիչների, էլեկտրոնային և օպտիկական սարքավորանքի արտադրություն",Russian Federation,362.8,362.8,245,245,354.8,354.8,107.8,107.8,94,94,59.7,59.7,76.4,76.4,88.2,88.2,-0.2,-0.2,38.1,38.1
78,26,"համակարգիչների, էլեկտրոնային և օպտիկական սարքավորանքի արտադրություն",United States,143,143,350.9,350.9,536.4,536.4,51.8,51.8,,,,,,,,,,,,
79,27,էլեկտրական սարքավորանքի արտադրություն,Germany,,,,,,,,,,,,,,,,,,,9.1,
80,27,էլեկտրական սարքավորանքի արտադրություն,Russian Federation,55.8,55.8,56.9,56.9,50.9,50.9,46.6,46.6,9.9,9.9,7.9,7.9,3.9,3.9,1.7,1.7,58.8,58.8,,
81,27,էլեկտրական սարքավորանքի արտադրություն,United Arab Emirates,300,364.8,39.3,,4,20.5,28.5,17.1,14.3,6.4,88.8,88.8,246.3,227.4,229,208.3,145.8,143.4,104.1,112.7
82,28,"մեքենաների և սարքավորանքի արտադրություն, չներառված ուրիշ խմբավորումներում",Germany,,,,,,,,,,,,,,,,,,,1990.5,
83,28,"մեքենաների և սարքավորանքի արտադրություն, չներառված ուրիշ խմբավորումներում",Russian Federation,67.8,67.8,47.1,47.1,108.5,108.5,79.1,79.1,55,55,24.3,24.3,205.2,205.2,37.2,37.2,612.7,612.7,,
84,32,"արտադրատեսակների արտադրություն, չներառված ուրիշ խմբավորումներում  ",Belgium,14.3,,53.5,1.6,23.2,4,53.3,3.8,38.5,18,34.4,11.5,11.6,7.4,2,1.5,15.1,5.9,3.8,3.8
85,32,"արտադրատեսակների արտադրություն, չներառված ուրիշ խմբավորումներում  ",India,,,,,,,,,,,,,,,,,,,551,551
86,32,"արտադրատեսակների արտադրություն, չներառված ուրիշ խմբավորումներում  ",Russian Federation,48.8,,26.7,,343.9,,2.5,3.6,67.6,65,246,234.2,81.2,79.7,230.8,232.1,591,592.9,-0.3,-0.3
87,32,"արտադրատեսակների արտադրություն, չներառված ուրիշ խմբավորումներում  ",Other countries,,,,,,,,,,,,,,,,,,,27299.1,
88,33,մեքենաների և սարքավորան-քի նորոգում և տեղադրում,Russian Federation,,,,,,,,,,,,,,,,,110.4,,,
89,33,մեքենաների և սարքավորան-քի նորոգում և տեղադրում,Other countries,,,,,,,,,,,,,,,,,,,235.7,
90,35,"էլեկտրականության, գազի, գոլորշու և լավորակ օդի մատակարարում",International organizations,,,,,,,,,,,,,,,175.5,,11149.1,,6512.6,
91,35,"էլեկտրականության, գազի, գոլորշու և լավորակ օդի մատակարարում",Cyprus,,,465.9,465.9,1942.1,1942.1,491.7,491.7,,,,,,,41749,5036.7,10064.5,10064.5,7933.2,1199.6
92,35,"էլեկտրականության, գազի, գոլորշու և լավորակ օդի մատակարարում",Czech Republic,,,,,,,,,,,13.2,13.2,204.1,204.1,260.9,74.2,83.5,83.5,2.2,2.2
93,35,"էլեկտրականության, գազի, գոլորշու և լավորակ օդի մատակարարում",Denmark,-0.3,-0.3,,,,,,,,,,,,,,,,,,
94,35,"էլեկտրականության, գազի, գոլորշու և լավորակ օդի մատակարարում",Finland,13835.2,211.3,334.4,,167.4,,1723.8,162.7,4245.5,2566.4,1063.4,1947.8,,,,,,,,
95,35,"էլեկտրականության, գազի, գոլորշու և լավորակ օդի մատակարարում",France,,,,,,,,,,,,,,,,,,,308.9,308.9
96,35,"էլեկտրականության, գազի, գոլորշու և լավորակ օդի մատակարարում",Germany,,,,,,,,,443.2,297.4,25494.1,8977.3,12195.4,4219.4,9280.2,5435.8,6379,5553.4,1949.6,159.7
97,35,"էլեկտրականության, գազի, գոլորշու և լավորակ օդի մատակարարում","Iran,Islamic Republic of",,,,,,,,,,,,,,,14544.5,,2873.8,,523.3,
98,35,"էլեկտրականության, գազի, գոլորշու և լավորակ օդի մատակարարում",Italy,,,,,,,,,664.7,446.1,38241.1,13465.9,18293.1,6329,13920.3,8153.7,9568.6,8330,230.4,239.5
99,35,"էլեկտրականության, գազի, գոլորշու և լավորակ օդի մատակարարում",Japan,,,,,,,,,,,,,,,1872,,6545.3,,1917.1,
100,35,"էլեկտրականության, գազի, գոլորշու և լավորակ օդի մատակարարում",Luxembourg,,,27308.1,27308.1,47142.2,10390.1,1296.9,23611,893.8,1652.1,3516,4.3,7046.8,4947.7,3202.5,1563.4,4616.9,1085.4,708.5,730.2
101,35,"էլեկտրականության, գազի, գոլորշու և լավորակ օդի մատակարարում",Netherlands,,,,,,,,,,,,,,,,,,,1542.2,
102,35,"էլեկտրականության, գազի, գոլորշու և լավորակ օդի մատակարարում",Norway,-0.2,-0.2,,,,,,,,,,,,,,,,,,
103,35,"էլեկտրականության, գազի, գոլորշու և լավորակ օդի մատակարարում",Philippines,,,,,,,,,,,,,,,,,,,7835.6,
104,35,"էլեկտրականության, գազի, գոլորշու և լավորակ օդի մատակարարում",Russian Federation,15691.9,34884.6,12646.9,22470.2,20201.8,10738.5,13908.6,15607,32939.4,51342.8,88395.4,17968.9,35251.2,12027.3,53141.4,10907.1,27194.5,27027.2,2891.8,24262.8
105,35,"էլեկտրականության, գազի, գոլորշու և լավորակ օդի մատակարարում",United Kingdom,,,,,,,,,,,,,,,,,,,12361.6,
106,35,"էլեկտրականության, գազի, գոլորշու և լավորակ օդի մատակարարում",United States,,,6699.5,6699.5,11650,2461.9,266.9,177.9,,,,,,,224.2,,,,7273,
107,35,"էլեկտրականության, գազի, գոլորշու և լավորակ օդի մատակարարում",Other countries,,,,,,,,,,,,,,,,,,,3429.8,
108,36,"ջրի հավաքում, մշակում և բաշխում",France,305.9,305.9,1739.4,1739.4,2827.7,2827.7,4953,4953,6155.6,6155.6,2615.5,2615.5,2037.3,2037.3,2104.5,2104.5,3496.9,3496.9,5070.4,5070.4
109,41,շենքերի շինարարություն                           ,Argentina,1630.4,1630.4,,,6650.8,,52.1,,,,,,,,,,,,,
110,41,շենքերի շինարարություն                           ,"Virgin Islands, British",21859.6,,26106.4,,2395.3,,1678.9,,455.2,349,98.5,21.9,,,2.6,,1.1,,4431.3,4422.2
111,41,շենքերի շինարարություն                           ,Russian Federation,223.6,643.4,484.9,292.8,,,,,44.1,44.1,41.1,41.1,1.2,1.2,32.2,32.2,,,10.3,10.3
112,41,շենքերի շինարարություն                           ,Switzerland,4216.5,4216.5,,,,,61.1,61.1,178.3,178.3,386.7,386.7,125.4,125.4,11.5,11.5,158.8,158.8,1386.8,1386.8
113,41,շենքերի շինարարություն                           ,United States,11,11,506.2,506.2,,,28.5,28.5,1691.4,1691.4,378.3,378.3,809.7,809.7,1020.8,1020.8,743.3,743.3,1016.2,1016.2
114,42,քաղաքացիական շինարարություն,Italy,,,,,361.3,225.2,211.3,222.7,743.2,667.3,799.9,804.2,529.4,359.9,6936.7,6682.6,33.2,57.5,668.2,668.2
115,45,ավտոմեքենաների և մոտոցիկլների մեծածախ ու մանրածախ առևտուր և նորոգում,Russian Federation,77.3,77.3,69.1,69.1,,,0.1,0.1,7,7,,,,,,,,,,
116,45,ավտոմեքենաների և մոտոցիկլների մեծածախ ու մանրածախ առևտուր և նորոգում,Uzbekistan,8.6,8.6,7.7,7.7,,,0,0,-0.8,-0.8,,,,,,,,,,
117,46,"մեծածախ առևտուր, բացի ավտոմեքենաների և մոտոցիկլների առևտրից",International organizations,,,,,,,,,,,,,,,,,,,3847.4,507.6
118,46,"մեծածախ առևտուր, բացի ավտոմեքենաների և մոտոցիկլների առևտրից",Austria,,,,,,,,,,,219.6,219.6,67,67,106.6,106.6,652.7,652.7,2206.2,2206.2
119,46,"մեծածախ առևտուր, բացի ավտոմեքենաների և մոտոցիկլների առևտրից","Virgin Islands, British",,,,,,,,,,,569.6,287.6,932.2,250.2,85.6,665.8,734.6,2209.3,,
120,46,"մեծածախ առևտուր, բացի ավտոմեքենաների և մոտոցիկլների առևտրից",Belarus,24,1.2,23.4,-0.6,-0.7,-0.7,192.3,2.6,101.1,-0.1,,,1.7,1.7,6.9,6.9,1.2,1.2,,
121,46,"մեծածախ առևտուր, բացի ավտոմեքենաների և մոտոցիկլների առևտրից",Cyprus,372.3,281.1,59.8,69.8,34.2,365.9,92.1,47.7,130.1,153.4,162.9,171.5,26.7,46.9,44.7,15.6,69.9,34.7,41.9,41.9
122,46,"մեծածախ առևտուր, բացի ավտոմեքենաների և մոտոցիկլների առևտրից",France,,,,,,,,,,,,,,,,,,,1055.6,
123,46,"մեծածախ առևտուր, բացի ավտոմեքենաների և մոտոցիկլների առևտրից",Georgia,,,,,,,,,,,48.9,7.8,192.1,3.4,23.8,23.8,3620.5,918.2,847.2,847.2
124,46,"մեծածախ առևտուր, բացի ավտոմեքենաների և մոտոցիկլների առևտրից",Germany,,,,,,,,,,,,,,,,,,,1.4,
125,46,"մեծածախ առևտուր, բացի ավտոմեքենաների և մոտոցիկլների առևտրից",Hungary,274,18.1,820.5,37.8,64.6,19.3,1671.4,1613.2,195.6,5.3,491.3,14.3,160.7,71.6,232.9,196.4,7.6,291.8,72.3,71.3
126,46,"մեծածախ առևտուր, բացի ավտոմեքենաների և մոտոցիկլների առևտրից",Italy,,,,,,,,,,,,,,,,,,,646,
127,46,"մեծածախ առևտուր, բացի ավտոմեքենաների և մոտոցիկլների առևտրից",Netherlands,80,71.8,47.1,66.5,10,,62.2,62.2,2.3,2.3,8,8,6.2,6.2,,,,,1701.6,
128,46,"մեծածախ առևտուր, բացի ավտոմեքենաների և մոտոցիկլների առևտրից",Russian Federation,825.8,,2530.6,,679.9,1539.2,2131.7,2657,4685.4,3827.6,2471.8,2807.3,6127.1,4419.1,3551.9,5743.7,3642.8,149,8.6,8.6
129,46,"մեծածախ առևտուր, բացի ավտոմեքենաների և մոտոցիկլների առևտրից",Sweden,,,,,,,,,,,,,,,,,,,1376.9,
130,46,"մեծածախ առևտուր, բացի ավտոմեքենաների և մոտոցիկլների առևտրից",Switzerland,724.7,724.7,893.4,1162.5,247.1,22.7,295.1,219,117.4,89.6,1541.3,1565.5,617.8,722.7,61.1,46.9,1280.2,1288,1054.1,1054.1
131,46,"մեծածախ առևտուր, բացի ավտոմեքենաների և մոտոցիկլների առևտրից",United Kingdom,,,,,,,,,,,,,,,,,,,1,
132,46,"մեծածախ առևտուր, բացի ավտոմեքենաների և մոտոցիկլների առևտրից",United States,30.8,30.8,30.8,30.8,,,,,,,143.1,143.1,98.7,98.7,3.2,3.2,23.1,23.1,50.4,50.4
133,46,"մեծածախ առևտուր, բացի ավտոմեքենաների և մոտոցիկլների առևտրից",Other countries,,,,,,,,,,,,,,,,,,,918.3,
134,47,"մանրածախ առևտուր, բացի ավտոմեքենաների և մոտոցիկլների առևտրից","Virgin Islands, British",,,,,,,,,1486.6,627.5,2090.2,-0.1,,,,,,,1099,
135,47,"մանրածախ առևտուր, բացի ավտոմեքենաների և մոտոցիկլների առևտրից",Cayman Islands,,,1700.3,,268,,617.8,,728.2,,,,,,,,863.1,863.1,,
136,47,"մանրածախ առևտուր, բացի ավտոմեքենաների և մոտոցիկլների առևտրից",Cyprus,16.4,,101.8,,5.8,,5.5,,15,,11.4,,1.5,,30,24,3.8,-0.3,8.2,8.2
137,47,"մանրածախ առևտուր, բացի ավտոմեքենաների և մոտոցիկլների առևտրից",France,0.7,0.7,,,1.1,1.1,,,,,,,,,,,,,3.1,
138,47,"մանրածախ առևտուր, բացի ավտոմեքենաների և մոտոցիկլների առևտրից",Georgia,,,,,,,,,,,,,,,,,,,182,
139,47,"մանրածախ առևտուր, բացի ավտոմեքենաների և մոտոցիկլների առևտրից",Netherlands,13.3,13.3,,,2.2,2.2,7,7,5.3,5.3,,,1.3,1.3,,,,,,
140,47,"մանրածախ առևտուր, բացի ավտոմեքենաների և մոտոցիկլների առևտրից",Russian Federation,60,60,507.1,41,810.6,179.3,246.1,246.1,50.1,50.1,165.5,165.5,7.4,7.4,17.3,17.3,156.4,156.4,,
141,47,"մանրածախ առևտուր, բացի ավտոմեքենաների և մոտոցիկլների առևտրից",Switzerland,,,335.8,47.7,115.2,115.6,28.2,4.5,27.2,10.5,,,,,,,,,2879.3,2654.2
142,47,"մանրածախ առևտուր, բացի ավտոմեքենաների և մոտոցիկլների առևտրից",United Arab Emirates,,,12164.2,,1857.5,,463.8,463.8,581.3,581.3,703.9,703.9,320.7,320.7,144.8,144.8,26.1,26.1,249.5,249.5
143,47,"մանրածախ առևտուր, բացի ավտոմեքենաների և մոտոցիկլների առևտրից",United Kingdom,,,,,,,,,,,,,443.7,,934,,106.5,0.9,4271,1.4
144,47,"մանրածախ առևտուր, բացի ավտոմեքենաների և մոտոցիկլների առևտրից",United States,36.3,,4.6,,13.5,,22.1,,,,4.4,,,,,,,,,
145,47,"մանրածախ առևտուր, բացի ավտոմեքենաների և մոտոցիկլների առևտրից",Other countries,,,,,,,,,,,,,,,,,,,3727.4,
146,49,ցամաքային տրանսպորտի  գործունեություն և փոխադրում խողովակաշարերով,International organizations,,,,,,,,,,,,,,,5044.3,,247.3,,9091.3,
147,49,ցամաքային տրանսպորտի  գործունեություն և փոխադրում խողովակաշարերով,Georgia,,,,,,,,,,,,,-0.7,,2.8,,,,,
148,49,ցամաքային տրանսպորտի  գործունեություն և փոխադրում խողովակաշարերով,"Iran,Islamic Republic of",,,,,,,,,,,,,,,19.4,19.4,11.9,11.9,2.1,2.1
149,49,ցամաքային տրանսպորտի  գործունեություն և փոխադրում խողովակաշարերով,Russian Federation,1043.5,864,297.6,13,1233.1,591.5,771.1,183.7,930.2,551.3,1636.5,1114.2,1793.3,1865.7,8477.4,1266.5,3202,2304.5,798.6,430.6
150,49,ցամաքային տրանսպորտի  գործունեություն և փոխադրում խողովակաշարերով,Other countries,,,,,,,,,,,,,,,,,,,101,
151,51,օդային տրանսպորտի գործունեություն,Argentina,15740.7,97.7,34550.3,,7766.8,,7462.1,,11362.1,,281.6,7978.4,15335.1,10761.6,20131.3,20166.2,10519.4,15287.2,,
152,51,օդային տրանսպորտի գործունեություն,Georgia,,,,,1009,135.5,181.2,83.6,2547.1,761.5,798.4,1118.4,828.5,202.6,265.4,35,1650,413.4,2488.8,2488.8
153,51,օդային տրանսպորտի գործունեություն,Luxembourg,,,,,,,,,,,,,,,,,,,24639.7,24639.7
154,51,օդային տրանսպորտի գործունեություն,United Arab Emirates,,,,,,,,,,,,,,,,,2294.5,1645.6,579.9,1501.1
155,51,օդային տրանսպորտի գործունեություն,Ukraine,,,,,,,188.3,188.3,110.9,110.9,57.1,57.1,350.8,350.8,,,,,,
156,51,օդային տրանսպորտի գործունեություն,United Kingdom,2068.3,,,,,,,,,,,,,,,,,,,
157,51,օդային տրանսպորտի գործունեություն,Other countries,,,,,,,,,,,,,,,,,,,458.5,
158,52,պահեստավորում և տրանսպորտային օժանդակ գործունեություն, Argentina,,,,,,,,,,,,,,,610.9,610.9,,,,
159,52,պահեստավորում և տրանսպորտային օժանդակ գործունեություն,Georgia,10.8,9.9,0.5,-0.2,1.1,1.8,0.1,,12.3,8.3,1.4,,,,,,,,,
160,52,պահեստավորում և տրանսպորտային օժանդակ գործունեություն,"Iran,Islamic Republic of",45.6,45.6,45.6,45.6,,,,,,,,,,,,,,,,
161,52,պահեստավորում և տրանսպորտային օժանդակ գործունեություն,Luxembourg,,,,,,,,,,,,,,,,,2957.4,2957.4,5462.1,5462.1
162,52,պահեստավորում և տրանսպորտային օժանդակ գործունեություն,United States,5.7,5.7,,,,,,,,,,,,,,,,,,
163,55,կացության կազմակերպում,"Virgin Islands, British",186,,217.9,,273.2,,,,,,,,,,-0.8,,382.4,393.7,1534.4,1790.2
164,55,կացության կազմակերպում,Cyprus,3628.5,2892.5,218,772.1,35028.9,33865.2,4951.6,2665.6,4423.4,4162.4,4029,4003.4,1827.2,1409.7,5057,5070.3,1628.2,1667.2,1362.2,1362.2
165,55,կացության կազմակերպում,France,16.8,16.8,45.1,56.1,20.2,20.2,-0.3,18,31.7,31.7,1.4,1.4,48.5,48.5,15.9,6.5,16.2,36.4,96.7,86.9
166,55,կացության կազմակերպում,Italy,452.5,452.5,4104.5,4057.6,2532.1,2568.6,96.1,173.6,860.8,858.2,972.3,972.3,,,868.5,868.5,800,800,1664.8,1664.8
167,55,կացության կազմակերպում,Russian Federation,26.5,26.5,2,2,1.5,1.5,,,,,,,,,,,,,184.5,
168,55,կացության կազմակերպում,Switzerland,,,,,,,,,,,,,,,158.5,,2.9,,942.9,
169,55,կացության կազմակերպում,Syrian Arab Republic,,,,,,,,,,,,,,,,,,,257.4,
170,55,կացության կազմակերպում,United Kingdom,26.5,26.5,2,2,1.5,1.5,,,58.7,58.7,153.1,153.1,212.2,212.2,353.5,353.5,574.7,574.7,689.9,689.9
171,55,կացության կազմակերպում,United States,166.4,116.3,3159.9,69.9,331.4,393.5,2366,184.4,206.7,122.2,1440.6,116,1618.3,753.4,1306.9,1252.8,503.8,816.1,1227.3,5.7
172,55,կացության կազմակերպում,Other countries,,,,,,,,,,,,,,,,,,,4.9,
173,56, հանրային սննդի կազմակերպում,United Kingdom,,,,,,,751.1,,86.2,86.2,389.3,389.3,62.4,62.4,361.1,361.1,1449.1,1449.1,187.8,187.8
174,61,հեռահաղորդակցություն,International organizations,,,,,,,,,,,,,,,,,,,983.5,
175,61,հեռահաղորդակցություն,Cyprus,,,,,16738.6,1848.9,309.8,4897.6,4990,1195.6,1157.5,2101,9600.3,6881.6,5906,2334,1787.5,5938.1,3260.1,4611.4
176,61,հեռահաղորդակցություն,France,2538.6,3187.7,43182.1,42502.2,,,,,,,,,,,,,,,,
177,61,հեռահաղորդակցություն,Lebanon,6970.3,537.9,7346.8,6671,14550.1,13030.9,7396.9,7259.8,5307.7,3552,7818.8,7684.5,,,,,,,,
178,61,հեռահաղորդակցություն,Netherlands,,,,,,,,,,,82.7,82.7,113.6,113.6,95.8,95.8,170.7,169.6,287.5,287.5
179,61,հեռահաղորդակցություն,Russian Federation,7393.2,5987,3203.2,3685.3,4458.7,3970.8,1878.9,1648,1571.9,1218.1,5445.4,1897.3,43119.5,44455.7,553.7,,18364.4,,12516.4,
180,61,հեռահաղորդակցություն,Seychelles,2003,2875.8,2108.1,2108.1,522.6,522.6,,,,,,,,,,,,,,
181,61,հեռահաղորդակցություն,Other countries,,,,,,,,,,,,,,,,,,,59334.5,
182,62,"ծրագրային ապահովման մշակում, խորհրդատվու-թյուններ և հարակից գոր-ծունեություն համակարգ-չային տեխնոլոգիաների բնագավառում",Cyprus,,,,,,,,,,,,,,,,,,,718.8,718.8
183,62,"ծրագրային ապահովման մշակում, խորհրդատվու-թյուններ և հարակից գոր-ծունեություն համակարգ-չային տեխնոլոգիաների բնագավառում",Georgia,,,,,,,,,-0.2,-0.2,,,,,,,,,,
184,62,"ծրագրային ապահովման մշակում, խորհրդատվու-թյուններ և հարակից գոր-ծունեություն համակարգ-չային տեխնոլոգիաների բնագավառում",Germany,-0.1,-0.1,,,62.8,62.8,19.7,19.7,35.3,35.3,31.1,31.1,,,,,,,85.5,85.5
185,62,"ծրագրային ապահովման մշակում, խորհրդատվու-թյուններ և հարակից գոր-ծունեություն համակարգ-չային տեխնոլոգիաների բնագավառում",Ireland,5765.8,5765.8,3966.2,3966.2,1148.2,1148.2,591.8,591.8,1436.4,1436.4,,,349.1,349.1,567,567,1144.4,1144.4,,
186,62,"ծրագրային ապահովման մշակում, խորհրդատվու-թյուններ և հարակից գոր-ծունեություն համակարգ-չային տեխնոլոգիաների բնագավառում",Netherlands,,,,,,,,,,,27,210.3,815,577.5,845,899.5,662.5,641.4,35.6,19
187,62,"ծրագրային ապահովման մշակում, խորհրդատվու-թյուններ և հարակից գոր-ծունեություն համակարգ-չային տեխնոլոգիաների բնագավառում",Russian Federation,27.2,27.2,2.5,2.5,1.2,1.2,25.8,25.8,1.2,1.2,4.5,4.5,6.8,6.8,1.6,1.6,1.1,1.1,,
188,62,"ծրագրային ապահովման մշակում, խորհրդատվու-թյուններ և հարակից գոր-ծունեություն համակարգ-չային տեխնոլոգիաների բնագավառում",United States,582.8,582.8,538.1,608.9,541.6,541.6,576.7,576.7,530.3,530.3,,,,,266.9,266.9,209.3,209.3,1300,1300
189,63,տեղեկատվական ծառայությունների մատուցում,International organizations,,,,,,,,,,,,,,,,,,,338.9,
190,63,տեղեկատվական ծառայությունների մատուցում,Canada,1,,4.6,,14.1,,12.6,11.5,10.5,,19.6,,27.6,9.1,60.2,10.6,74.5,7.3,2.2,2.2
191,63,տեղեկատվական ծառայությունների մատուցում,Greece,,,,,,,,,,,,,,,,,,,57.9,
192,63,տեղեկատվական ծառայությունների մատուցում,Ireland,421.2,,30.2,,12.3,,,,,,,,,,,,,,,
193,64,"ֆինանսական միջնորդու-թյուն, բացի ապահովա-գրությունից և կենսաթոշա-կային ապահովությունից",Belize,22,22,750.2,750.2,108.8,108.8,327.3,327.3,431.5,431.5,296.3,296.3,-0.7,-0.7,26.1,26.1,257.1,257.1,113.5,113.5
194,64,"ֆինանսական միջնորդու-թյուն, բացի ապահովա-գրությունից և կենսաթոշա-կային ապահովությունից",Greece,,,,,0.3,0.3,,,,,,,,,,,,,,
195,64,"ֆինանսական միջնորդու-թյուն, բացի ապահովա-գրությունից և կենսաթոշա-կային ապահովությունից",Russian Federation,,,10.8,10.8,10.6,10.6,39.1,39.1,119.4,119.4,43.5,43.5,-0.1,-0.1,7.8,7.8,41.8,41.8,19.7,19.7
196,64,"ֆինանսական միջնորդու-թյուն, բացի ապահովա-գրությունից և կենսաթոշա-կային ապահովությունից",United Arab Emirates,,,,,,,,,,,,,,,,,,,101904.6,101904.6
197,66,ֆինանսական միջնորդության և ապահովագրության ոլորտում օժանդակ գործունեություն,Russian Federation,26.6,26.6,,,,,,,,,129.3,129.3,,,14,14,9.3,9.3,156.6,156.6
198,66,ֆինանսական միջնորդության և ապահովագրության ոլորտում օժանդակ գործունեություն,United States,46.7,46.7,109.5,109.5,48.3,48.3,,,,,,,,,,,,,,
199,68,անշարժ գույքի հետ կապված գործունեություն,"Virgin Islands, British",,,,,,,,,,,,,,,,,267,267,,
200,68,անշարժ գույքի հետ կապված գործունեություն,Cyprus,,,,,,,635.3,5.5,144.3,,33.6,,453.4,,195.4,,158.3,,147.2,
201,68,անշարժ գույքի հետ կապված գործունեություն,Italy,,,,,,,578.9,578.9,124.9,124.9,164.2,164.2,48.4,48.4,2253.7,2253.7,868.5,868.5,,
202,68,անշարժ գույքի հետ կապված գործունեություն,Panama,,,,,,,1255.4,10.9,280.2,,66.4,,896.1,,92.4,,494.9,,,
203,68,անշարժ գույքի հետ կապված գործունեություն,Russian Federation,138.4,138.4,632.8,632.8,352.3,352.3,1540.5,1494.4,1629.6,476.6,7685.6,362.9,515.7,502.8,3157.1,2082.5,48335.5,16044.9,191.2,1070
204,68,անշարժ գույքի հետ կապված գործունեություն,Other countries,10810.1,10810.1,5741.4,5741.4,8710.7,8710.7,7634.2,7634.2,13224.5,13224.5,8999,8999,10098.2,10098.2,12295.5,12295.5,15427.7,15427.7,6263.3,6263.3
205,69,իրավաբանական և հաշվապահական  գործունեություն,Canada,,,,,,,,,,,,,,,,,,,0.3,
206,69,իրավաբանական և հաշվապահական  գործունեություն,China,,,,,,,,,,,,,,,,,,,1.1,
207,69,իրավաբանական և հաշվապահական  գործունեություն,Cyprus,1.4,,-0.9,,-0.4,,9.6,,3.7,,8.4,,12.4,,50.8,,202.7,,8.2,
208,69,իրավաբանական և հաշվապահական  գործունեություն,Kazakhstan,,,,,,,,,,,,,,,,,74.3,,476.4,476.4
209,69,իրավաբանական և հաշվապահական  գործունեություն,Liechtenstein,,,,,,,,,,,,,,,,,,,0.5,
210,69,իրավաբանական և հաշվապահական  գործունեություն,Netherlands,,,,,,,2,2,25.5,25.5,16,16,13.8,13.8,43.7,43.7,18.2,18.2,21,15.4
211,69,իրավաբանական և հաշվապահական  գործունեություն,Russian Federation,78.7,122.9,78.9,3.4,4.3,10.7,8,2,33.1,22.9,49.8,18,21.7,15.6,49.2,49.2,108,20.5,1,16.3
212,69,իրավաբանական և հաշվապահական  գործունեություն,United States,,,,,,,,,,,,,,,,,,,0.1,
213,69,իրավաբանական և հաշվապահական  գործունեություն,Other countries,,,,,,,,,,,,,,,,,,,7.2,
214,70,գլխամասային գրասենյակների գործունեություն. կառավարման հարցերով խորհրդատվական ծառայություններ ,Italy,,,,,375.8,92.9,7.1,5.7,8.7,,,,,,,,,,,
215,70,գլխամասային գրասենյակների գործունեություն. կառավարման հարցերով խորհրդատվական ծառայություններ ,Slovenia,10,10,7.6,7.6,5.9,5.9,3.6,3.6,6.4,6.4,2.6,2.6,0.4,0.4,-0.3,-0.3,-0.8,-0.8,3.2,3.2
216,70,գլխամասային գրասենյակների գործունեություն. կառավարման հարցերով խորհրդատվական ծառայություններ ,United States,,,,,,,,,,,,,,,20.4,11.8,130.2,130.2,,
217,72,գիտական հետազոտություն-ներ և մշակումներ,Russian Federation,15,15,125.7,125.7,11.9,11.9,9.1,9.1,380.5,380.5,,,,,316.2,316.2,109.5,109.5,88.2,88.2
218,72,գիտական հետազոտություն-ներ և մշակումներ,Switzerland,,,,,,,,,,,306.2,147.4,276.6,161.9,205.1,231.6,386.9,347,138.4,138.4
219,72,գիտական հետազոտություն-ներ և մշակումներ,United States,114.6,114.6,1,1,1.6,1.6,,,953.7,953.7,692.8,692.8,1732.5,1732.5,967.4,967.4,1011.6,1011.6,809.7,809.7
220,72,գիտական հետազոտություն-ներ և մշակումներ,Other countries,,,,,,,,,,,,,,,,,,,1,
221,74,"մասնագիտական, գիտական և տեխնիկական այլ գործունեություն",Germany,,,,,,,,,,,,,79.1,79.1,88.6,88.6,23.3,23.3,,
222,74,"մասնագիտական, գիտական և տեխնիկական այլ գործունեություն",Russian Federation,296.3,226.8,2.5,2.5,,,,,,,,,,,,,,,,
223,77,վարձույթ և լիզինգ,Czech Republic,,,,,,,,,,,,,,,67.1,67.1,2.8,2.8,24.1,24.1
224,77,վարձույթ և լիզինգ,Italy,,,,,746.1,582.3,65.6,66.5,19.2,,4.7,4.7,20.5,16.1,-0.5,-0.5,10.1,4.3,34.6,34.6
225,79,"զբոսաշրջային գործակալությունների, զբոսաշրջային օպերատորների գործունեություն, տեղերի ամրագրում և զբոսաշրջության ոլորտի այլ ծառայություններ",France,0.1,0.1,10.1,10.1,,,13.6,13.6,,,7,7,,,,,31.1,31.1,63.5,63.5
226,81,շենքերի սպասարկման և բնատեսարանի բարեկարգման գործունեություն,Lebanon,30.7,30.7,1180,1180,860.4,860.4,548.3,548.3,1307.7,1307.7,218.6,218.6,,,,,,,,
227,86,առողջապահություն,Austria,,,,,,,,,,,,,,,63.4,,,,110.8,
228,92,շահումով խաղերի կազմակերպման հետ կապված գործունեություն,Russian Federation,,,135.4,135.4,,,,,,,,,,,,,,,,
229,92,շահումով խաղերի կազմակերպման հետ կապված գործունեություն,Other countries,,,,,,,,,,,,,,,,,,,8205.1,
230,93,"սպորտի, զվարճությունների և հանգստի կազմակերպման բնագավառում գործունեություն",Russian Federation,451,394.2,205.5,216.4,17.1,,15.1,5.2,86.6,30.3,13.2,13.2,428.4,428.4,98.8,98.8,83.3,83.3,309.8,309.8
231,93,"սպորտի, զվարճությունների և հանգստի կազմակերպման բնագավառում գործունեություն",United Kingdom,743,324.5,511,,244.2,,514.2,,73,,,,,,,,,,,
232,94,անդամության վրա հիմնված կազմակերպությունների գործունեություն,United States,,,5,5,14,14,13.9,13.9,1.9,1.9,2.2,2.2,2.3,2.3,,,,,,
233,96,other personal service activities,Russian Federation,,,,,,,,,36.5,42.2,43.3,35.5,65.7,37.6,96.3,78.5,43.5,24.9,790.5,790.5
234,96,other personal service activities,Other countries,,,,,,,,,,,,,,,,,,,31.7,
