,index,code,type_of_activity,country,2014_total,2014_direct,2015_total,2015_direct,2016_total,2016_direct,2017_total,2017_direct,2018_total,2018_direct,2019_total,2019_direct,2020_total,2020_direct,2021_total,2021_direct,2022_total,2022_direct,2023_totoal,2023_direct
0,1,1,"crop and animal production, hunting and related service activities ",Argentina,5638.9,4978.4,12504.2,12504.2,3975.1,3505.5,3519.5,2940.9,1792,2590.4,747.1,971.3,42.7,42.7,3505.9,3505.9,190.2,190.2,835.3,835.3
1,2,1,"crop and animal production, hunting and related service activities ",Lebanon,,,,,,,,,,,18.5,33.9,4.7,4.7,19.2,19.2,28,28,33.8,33.8
2,3,1,"crop and animal production, hunting and related service activities ",Russian Federation,157.5,176.3,8.3,,130,5,10.4,,35.1,12.4,310.4,304.9,181.7,182.5,263.5,238,178.2,190.8,437.2,437.2
3,4,3,fishing and aquaculture,Russian Federation,,,,,,,,,,,122.9,122.9,28.2,28.2,209.2,209.2,45.5,45.5,52.2,52.2
4,5,7,mining of metal ores,"Virgin Islands, British",275.6,275.6,,,,,,,,,,,,,,,,,1496.4,1496.4
5,6,7,mining of metal ores,Cyprus,52451.6,,1444.9,,946.4,,9593.2,,940.7,,,,,,,,3185.7,3185.7,33171.7,37119.7
6,7,7,mining of metal ores,Georgia,,,,,,,,,,,,,,,,,,,203.6,
7,8,7,mining of metal ores,Germany,,,,,,,,,,,,,37229.7,3042.1,55033.8,41062.4,,,,
8,9,7,mining of metal ores,Netherlands,1406.7,794.8,132.5,,16739.4,1430.5,12262.9,2994.5,13230.1,2938.5,1111,1601,21027.6,21520.4,4427.7,6136.6,24856.9,21485.7,16107.6,16107.6
9,10,7,mining of metal ores,Russian Federation,,,3006.8,3006.8,16415,16415,1.2,1.2,3140.5,3100,497.4,,2659.5,210.9,23137.5,9404,67032.5,64975.2,3839,7630.8
10,11,7,mining of metal ores,Singapore,,,,,,,,,,,,,,,,,,,16736.5,
11,12,7,mining of metal ores,United Kingdom,,,,,,,,,,,,,,,,,,,33,
12,13,7,mining of metal ores,Other countries,,,,,,,,,,,,,,,,,,,17029.1,
13,14,8,other mining and quarrying,Croatia,31.8,,43.1,,74,,8.2,,152.2,6.1,35.1,35.1,2.1,2.1,61.3,61.3,2.8,2.8,5.7,5.7
14,15,8,other mining and quarrying,Cyprus,177.2,,8.2,59.3,,,,,,,,,,,,,,,,
15,16,8,other mining and quarrying,Germany,5475.4,12299.9,12300.7,15765.6,15003.5,7333.1,354.6,10968.3,35562.2,11109.1,10934.5,2176,,,,,,,,
16,17,8,other mining and quarrying,Netherlands,2.7,14.5,,,,,,,,,,,,,,,,,,
17,18,8,other mining and quarrying,Russian Federation,,,,,4449.7,14.6,2319.2,2141.4,570.3,16.2,2699.5,2.1,32.5,32.5,1817.8,1030.4,456.7,581.5,216.1,537.4
18,19,8,other mining and quarrying,Switzerland,5596.6,4774.4,43650.8,42167,385.4,,,,,,,,,,,,,,,
19,20,8,other mining and quarrying,United Kingdom,357.9,596.4,545.4,,25.9,,25.8,,7.2,,,,,,,,,,,
20,21,8,other mining and quarrying,Other countries,,,,,,,,,,,,,,,,,,,68.4,
21,22,9,mining support service activities,Canada,,,,,,,,,,,,,4393.6,4393.6,1098.9,1098.9,8058.8,8058.8,25530.6,25530.6
22,23,9,mining support service activities,Ireland,,,,,,,59.1,42.7,134.2,,,,,,,,,,,
23,24,9,mining support service activities,Netherlands,,,,,,,,,1467.1,1234.3,,,,,,,,,,
24,25,9,mining support service activities,Russian Federation,437.7,,295,,253.7,1182.5,31.2,9.4,50,,,,,,,,,,,
25,26,9,mining support service activities,United Kingdom,2691.1,2691.1,3371.5,3371.5,30551.2,30551.2,,,,,,,,,,,,,,
26,27,9,mining support service activities,Jersey,,,,,10119.1,10119.1,107888.2,107888.2,20640,20640,,,406.9,406.9,,,,,,
27,28,10,manufacture of food products,Canada,484.6,2.3,1225.7,211.4,,,,,,,,,,,,,,,,
28,29,10,manufacture of food products,Cuba,178.7,178.7,637.5,637.5,489.6,489.6,751.1,751.1,126.1,126.1,1237.6,1237.6,1082.7,1082.7,530.7,530.7,683.3,683.3,681.1,681.1
29,30,10,manufacture of food products,"Iran,Islamic Republic of",,,591.4,52.8,217,33,31.3,85.8,149.9,,,,,,,,139.4,,,
30,31,10,manufacture of food products,Lebanon,41.1,41.1,430,430,1873.7,1873.7,,,,,,,,,,,,,,
31,32,10,manufacture of food products,Panama,8.8,8.8,283.8,283.8,30.3,30.3,201.9,201.9,,,,,,,,,,,,
32,33,10,manufacture of food products,Russian Federation,1.5,1.5,0.3,0.3,0.7,0.7,1.1,1.1,5.2,5.2,1.4,1.4,111,166.8,12.9,12,1255.1,507.4,,
33,34,10,manufacture of food products,United Arab Emirates,,,,,,,,,,,31.5,31.5,7.9,7.9,25.2,25.2,8.4,8.4,,
34,35,10,manufacture of food products,United Kingdom,,,,,,,,,,,,,,,1835.8,,402.1,,449,
35,36,10,manufacture of food products,Other countries,,,,,,,,,,,,,,,,,,,161.3,
36,37,11,manufacture of beverages,"Virgin Islands, British",,,,,,,,,,,,,,,0.2,,5.4,,,
37,38,11,manufacture of beverages,Bulgaria,,,,,,,,,,,,,,,,,,,1031.7,
38,39,11,manufacture of beverages,China,,,,,,,,,,,7.5,7.5,37.1,37.1,168.7,169,63.9,63.9,28.2,28.2
39,40,11,manufacture of beverages,Cyprus,,,,,,,,,,,,,,,2.2,,,,,
40,41,11,manufacture of beverages,France,2339.6,2308,5911,5748.2,6451.6,6232.7,11293.2,11072.8,2092.9,1910.7,1317.4,1413.7,1.5,12.3,1102.8,994.1,1840.8,1441.5,4121.8,4121.8
41,42,11,manufacture of beverages,Luxembourg,6415.2,8228.2,1101,1437.8,1257.2,422.8,1593.2,1719.8,830.8,584.9,2838.3,1287.2,3666,2124.4,2806.5,2393,5633.2,125.2,9365.2,9365.2
42,43,11,manufacture of beverages,Russian Federation,,,,,,,,,,,,,,,2.6,,322.5,0.7,,
43,44,11,manufacture of beverages,Saudi Arabia,,,,,,,,,,,,,,,,,,,1366.6,
44,45,11,manufacture of beverages,United Kingdom,11118.4,11093.5,3701.6,3442.1,900,1219.4,240.6,234.2,664.4,650.4,297.5,297.5,146.7,146.7,675.3,675.3,290.2,290.2,342.6,342.6
45,46,11,manufacture of beverages,United States,377.9,316.4,,,,,,,,,,,,,,,,,,
46,47,11,manufacture of beverages,Other countries,,,,,,,,,,,,,,,,,,,327.5,
47,48,12,manufacture of tobacco products,Canada,1232.4,211.7,2789.5,2123.3,6922.1,,3425.3,,2544.7,,1108.2,,181.6,,10341.7,,7090.9,,,
48,49,12,manufacture of tobacco products,Germany,,,,,,,,,,,,,,,,,,,50.5,
49,50,12,manufacture of tobacco products,Greece,,,,,,,,,,,,,,,,,,,123.4,
50,51,12,manufacture of tobacco products,Switzerland,,,,,,,,,,,,,,,,,,,36.5,
51,52,12,manufacture of tobacco products,United Arab Emirates,,,,,,,,,,,,,,,,,,,2595,
52,53,12,manufacture of tobacco products,Other countries,,,,,,,,,,,,,,,,,,,1617.1,
53,54,14,manufacture of wearing apparel,Germany,90.1,27.5,195,11.7,435,98.9,165.3,0.8,,,,,,,,,,,,
54,55,14,manufacture of wearing apparel,Netherlands,,,,,31.1,30.4,9.5,8.9,,,,,,,,,,,,
55,56,14,manufacture of wearing apparel,Poland,423.2,423.2,,,,,,,,,,,,,,,,,,
56,57,14,manufacture of wearing apparel,Russian Federation,,,31.4,8.6,128.7,123.5,28.2,,,,,,,,,,,,,
57,58,14,manufacture of wearing apparel,Other countries,,,,,,,,,,,,,,,,,,,838.8,
58,59,15,manufacture of leather and related products,Russian Federation,3.1,3.1,1.7,1.7,2.8,2.8,2.2,2.2,3.3,3.3,2.6,2.6,0.8,0.8,3.2,3.2,2.7,2.7,,
59,60,17,paper and cardboard production,Other countries,,,,,,,,,,,,,,,,,,,3847.2,
60,61,20,manufacture of chemicals and chemical products,Canada,,,,,,,,,,,,,,,,,,,448.6,448.6
61,62,20,manufacture of chemicals and chemical products,Italy,,,1190.4,1190.4,211.3,211.3,563.6,563.6,,,174.9,174.9,147.4,147.4,,,66.6,66.6,312.2,312.2
62,63,21,manufacture of basic pharmaceutical products and pharmaceutical preparations,International organizations,,,,,,,,,,,238,238,,,,,,,,
63,64,21,manufacture of basic pharmaceutical products and pharmaceutical preparations,Russian Federation,496.8,496.8,6114.6,6114.6,,,,,,,,,,,1133.6,1133.6,0.5,0.5,0.6,0.6
64,65,21,manufacture of basic pharmaceutical products and pharmaceutical preparations,Saint Vincent and the Grenadines,,,,,,,,,,,,,,,,,,,100.8,100.8
65,66,21,manufacture of basic pharmaceutical products and pharmaceutical preparations,United Kingdom,,,456,,,,,,,,,,,,,,,,,
66,67,23,manufacture of other non-metallic mineral products,International organizations,,,4.1,,383.6,,590.3,,,,600.4,,148.7,,479.5,,613.8,,975.9,
67,68,23,manufacture of other non-metallic mineral products,United Arab Emirates,,,,,,,,,,,,,,,22.2,,,,,
68,69,23,manufacture of other non-metallic mineral products,Other countries,,,,,,,,,619.9,619.9,,,244.7,244.7,82.6,82.6,142.8,142.8,35.4,172.1
69,70,24,manufacture of  basic metals,Cyprus,9368.8,7136.8,2263.7,4984.5,8412.7,259.2,605.6,316.5,397.2,78.6,6.8,168.5,1225.9,1047.1,2721.2,6515,1864,1235.5,3316.4,3316.4
70,71,24,manufacture of  basic metals,Germany,8927.6,7542,14740.2,15147.2,5782.3,6798.2,3471.2,3471.2,4160.5,4160.5,2047.7,2047.7,8809.3,8809.3,5282.8,5282.8,5176.1,5176.1,9366.7,9366.7
71,72,24,manufacture of  basic metals,Russian Federation,35.2,44.9,1579.1,1577.2,12711.6,2314.3,2284.6,1653.2,4606.9,2375.7,12308.7,7903.8,,,,,,,,
72,73,24,manufacture of  basic metals,United Kingdom,36.8,39.5,43419.5,41526.2,2079,1057.9,1085.2,1414.1,3334.8,122.8,3490.9,1243.5,4125.2,1240.6,6610.7,5349.6,5667.7,479.6,3966.3,3966.3
73,74,24,manufacture of  basic metals,United States,,,,,,,,,,,,,,,,,,,3563.6,3563.6
74,75,24,manufacture of  basic metals,Other countries,,,,,,,,,,,,,,,,,,,2782,
75,76,25,"manufacture of fabricated metal products, except machinery and equipment",Lebanon,,,,,,,,,,,1.7,1.7,31.7,31.7,17.1,17.1,16.3,16.3,67.7,67.7
76,77,26,"manufacture of computer, electronic and optical products",Russian Federation,362.8,362.8,245,245,354.8,354.8,107.8,107.8,94,94,59.7,59.7,76.4,76.4,88.2,88.2,0.2,0.2,38.1,38.1
77,78,26,"manufacture of computer, electronic and optical products",United States,143,143,350.9,350.9,536.4,536.4,51.8,51.8,,,,,,,,,,,,
78,79,27,manufacture of electrical equipment,Germany,,,,,,,,,,,,,,,,,,,9.1,
79,80,27,manufacture of electrical equipment,Russian Federation,55.8,55.8,56.9,56.9,50.9,50.9,46.6,46.6,9.9,9.9,7.9,7.9,3.9,3.9,1.7,1.7,58.8,58.8,,
80,81,27,manufacture of electrical equipment,United Arab Emirates,300,364.8,39.3,,4,20.5,28.5,17.1,14.3,6.4,88.8,88.8,246.3,227.4,229,208.3,145.8,143.4,104.1,112.7
81,82,28,manufacture of machinery and equipment  n.e.c.,Germany,,,,,,,,,,,,,,,,,,,1990.5,
82,83,28,manufacture of machinery and equipment  n.e.c.,Russian Federation,67.8,67.8,47.1,47.1,108.5,108.5,79.1,79.1,55,55,24.3,24.3,205.2,205.2,37.2,37.2,612.7,612.7,,
83,84,32,other manufacturing,Belgium,14.3,,53.5,1.6,23.2,4,53.3,3.8,38.5,18,34.4,11.5,11.6,7.4,2,1.5,15.1,5.9,3.8,3.8
84,85,32,other manufacturing,India,,,,,,,,,,,,,,,,,,,551,551
85,86,32,other manufacturing,Russian Federation,48.8,,26.7,,343.9,,2.5,3.6,67.6,65,246,234.2,81.2,79.7,230.8,232.1,591,592.9,0.3,0.3
86,87,32,other manufacturing,Other countries,,,,,,,,,,,,,,,,,,,27299.1,
87,88,33,repair and installation of machinery and equipment,Russian Federation,,,,,,,,,,,,,,,,,110.4,,,
88,89,33,repair and installation of machinery and equipment,Other countries,,,,,,,,,,,,,,,,,,,235.7,
89,90,35,"electricity, gas, steam and conditioning supply",International organizations,,,,,,,,,,,,,,,175.5,,11149.1,,6512.6,
90,91,35,"electricity, gas, steam and conditioning supply",Cyprus,,,465.9,465.9,1942.1,1942.1,491.7,491.7,,,,,,,41749,5036.7,10064.5,10064.5,7933.2,1199.6
91,92,35,"electricity, gas, steam and conditioning supply",Czech Republic,,,,,,,,,,,13.2,13.2,204.1,204.1,260.9,74.2,83.5,83.5,2.2,2.2
92,93,35,"electricity, gas, steam and conditioning supply",Denmark,0.3,0.3,,,,,,,,,,,,,,,,,,
93,94,35,"electricity, gas, steam and conditioning supply",Finland,13835.2,211.3,334.4,,167.4,,1723.8,162.7,4245.5,2566.4,1063.4,1947.8,,,,,,,,
94,95,35,"electricity, gas, steam and conditioning supply",France,,,,,,,,,,,,,,,,,,,308.9,308.9
95,96,35,"electricity, gas, steam and conditioning supply",Germany,,,,,,,,,443.2,297.4,25494.1,8977.3,12195.4,4219.4,9280.2,5435.8,6379,5553.4,1949.6,159.7
96,97,35,"electricity, gas, steam and conditioning supply","Iran,Islamic Republic of",,,,,,,,,,,,,,,14544.5,,2873.8,,523.3,
97,98,35,"electricity, gas, steam and conditioning supply",Italy,,,,,,,,,664.7,446.1,38241.1,13465.9,18293.1,6329,13920.3,8153.7,9568.6,8330,230.4,239.5
98,99,35,"electricity, gas, steam and conditioning supply",Japan,,,,,,,,,,,,,,,1872,,6545.3,,1917.1,
99,100,35,"electricity, gas, steam and conditioning supply",Luxembourg,,,27308.1,27308.1,47142.2,10390.1,1296.9,23611,893.8,1652.1,3516,4.3,7046.8,4947.7,3202.5,1563.4,4616.9,1085.4,708.5,730.2
100,101,35,"electricity, gas, steam and conditioning supply",Netherlands,,,,,,,,,,,,,,,,,,,1542.2,
101,102,35,"electricity, gas, steam and conditioning supply",Norway,0.2,0.2,,,,,,,,,,,,,,,,,,
102,103,35,"electricity, gas, steam and conditioning supply",Philippines,,,,,,,,,,,,,,,,,,,7835.6,
103,104,35,"electricity, gas, steam and conditioning supply",Russian Federation,15691.9,34884.6,12646.9,22470.2,20201.8,10738.5,13908.6,15607,32939.4,51342.8,88395.4,17968.9,35251.2,12027.3,53141.4,10907.1,27194.5,27027.2,2891.8,24262.8
104,105,35,"electricity, gas, steam and conditioning supply",United Kingdom,,,,,,,,,,,,,,,,,,,12361.6,
105,106,35,"electricity, gas, steam and conditioning supply",United States,,,6699.5,6699.5,11650,2461.9,266.9,177.9,,,,,,,224.2,,,,7273,
106,107,35,"electricity, gas, steam and conditioning supply",Other countries,,,,,,,,,,,,,,,,,,,3429.8,
107,108,36,"water collection, treament and supply",France,305.9,305.9,1739.4,1739.4,2827.7,2827.7,4953,4953,6155.6,6155.6,2615.5,2615.5,2037.3,2037.3,2104.5,2104.5,3496.9,3496.9,5070.4,5070.4
108,109,41,construction of buildings,Argentina,1630.4,1630.4,,,6650.8,,52.1,,,,,,,,,,,,,
109,110,41,construction of buildings,"Virgin Islands, British",21859.6,,26106.4,,2395.3,,1678.9,,455.2,349,98.5,21.9,,,2.6,,1.1,,4431.3,4422.2
110,111,41,construction of buildings,Russian Federation,223.6,643.4,484.9,292.8,,,,,44.1,44.1,41.1,41.1,1.2,1.2,32.2,32.2,,,10.3,10.3
111,112,41,construction of buildings,Switzerland,4216.5,4216.5,,,,,61.1,61.1,178.3,178.3,386.7,386.7,125.4,125.4,11.5,11.5,158.8,158.8,1386.8,1386.8
112,113,41,construction of buildings,United States,11,11,506.2,506.2,,,28.5,28.5,1691.4,1691.4,378.3,378.3,809.7,809.7,1020.8,1020.8,743.3,743.3,1016.2,1016.2
113,114,42,civil engineering,Italy,,,,,361.3,225.2,211.3,222.7,743.2,667.3,799.9,804.2,529.4,359.9,6936.7,6682.6,33.2,57.5,668.2,668.2
114,115,45,wholesale and retail trade and repair of motor vehicles and motorcycles,Russian Federation,77.3,77.3,69.1,69.1,,,0.1,0.1,7,7,,,,,,,,,,
115,116,45,wholesale and retail trade and repair of motor vehicles and motorcycles,Uzbekistan,8.6,8.6,7.7,7.7,,,0,0,0.8,0.8,,,,,,,,,,
116,117,46,"wholesale, trade, except of motor vehicles and motorcycles",International organizations,,,,,,,,,,,,,,,,,,,3847.4,507.6
117,118,46,"wholesale, trade, except of motor vehicles and motorcycles",Austria,,,,,,,,,,,219.6,219.6,67,67,106.6,106.6,652.7,652.7,2206.2,2206.2
118,119,46,"wholesale, trade, except of motor vehicles and motorcycles","Virgin Islands, British",,,,,,,,,,,569.6,287.6,932.2,250.2,85.6,665.8,734.6,2209.3,,
119,120,46,"wholesale, trade, except of motor vehicles and motorcycles",Belarus,24,1.2,23.4,0.6,0.7,0.7,192.3,2.6,101.1,0.1,,,1.7,1.7,6.9,6.9,1.2,1.2,,
120,121,46,"wholesale, trade, except of motor vehicles and motorcycles",Cyprus,372.3,281.1,59.8,69.8,34.2,365.9,92.1,47.7,130.1,153.4,162.9,171.5,26.7,46.9,44.7,15.6,69.9,34.7,41.9,41.9
121,122,46,"wholesale, trade, except of motor vehicles and motorcycles",France,,,,,,,,,,,,,,,,,,,1055.6,
122,123,46,"wholesale, trade, except of motor vehicles and motorcycles",Georgia,,,,,,,,,,,48.9,7.8,192.1,3.4,23.8,23.8,3620.5,918.2,847.2,847.2
123,124,46,"wholesale, trade, except of motor vehicles and motorcycles",Germany,,,,,,,,,,,,,,,,,,,1.4,
124,125,46,"wholesale, trade, except of motor vehicles and motorcycles",Hungary,274,18.1,820.5,37.8,64.6,19.3,1671.4,1613.2,195.6,5.3,491.3,14.3,160.7,71.6,232.9,196.4,7.6,291.8,72.3,71.3
125,126,46,"wholesale, trade, except of motor vehicles and motorcycles",Italy,,,,,,,,,,,,,,,,,,,646,
126,127,46,"wholesale, trade, except of motor vehicles and motorcycles",Netherlands,80,71.8,47.1,66.5,10,,62.2,62.2,2.3,2.3,8,8,6.2,6.2,,,,,1701.6,
127,128,46,"wholesale, trade, except of motor vehicles and motorcycles",Russian Federation,825.8,,2530.6,,679.9,1539.2,2131.7,2657,4685.4,3827.6,2471.8,2807.3,6127.1,4419.1,3551.9,5743.7,3642.8,149,8.6,8.6
128,129,46,"wholesale, trade, except of motor vehicles and motorcycles",Sweden,,,,,,,,,,,,,,,,,,,1376.9,
129,130,46,"wholesale, trade, except of motor vehicles and motorcycles",Switzerland,724.7,724.7,893.4,1162.5,247.1,22.7,295.1,219,117.4,89.6,1541.3,1565.5,617.8,722.7,61.1,46.9,1280.2,1288,1054.1,1054.1
130,131,46,"wholesale, trade, except of motor vehicles and motorcycles",United Kingdom,,,,,,,,,,,,,,,,,,,1,
131,132,46,"wholesale, trade, except of motor vehicles and motorcycles",United States,30.8,30.8,30.8,30.8,,,,,,,143.1,143.1,98.7,98.7,3.2,3.2,23.1,23.1,50.4,50.4
132,133,46,"wholesale, trade, except of motor vehicles and motorcycles",Other countries,,,,,,,,,,,,,,,,,,,918.3,
133,134,47,"retail trade, except of motor vehicles and motorcycles","Virgin Islands, British",,,,,,,,,1486.6,627.5,2090.2,0.1,,,,,,,1099,
134,135,47,"retail trade, except of motor vehicles and motorcycles",Cayman Islands,,,1700.3,,268,,617.8,,728.2,,,,,,,,863.1,863.1,,
135,136,47,"retail trade, except of motor vehicles and motorcycles",Cyprus,16.4,,101.8,,5.8,,5.5,,15,,11.4,,1.5,,30,24,3.8,0.3,8.2,8.2
136,137,47,"retail trade, except of motor vehicles and motorcycles",France,0.7,0.7,,,1.1,1.1,,,,,,,,,,,,,3.1,
137,138,47,"retail trade, except of motor vehicles and motorcycles",Georgia,,,,,,,,,,,,,,,,,,,182,
138,139,47,"retail trade, except of motor vehicles and motorcycles",Netherlands,13.3,13.3,,,2.2,2.2,7,7,5.3,5.3,,,1.3,1.3,,,,,,
139,140,47,"retail trade, except of motor vehicles and motorcycles",Russian Federation,60,60,507.1,41,810.6,179.3,246.1,246.1,50.1,50.1,165.5,165.5,7.4,7.4,17.3,17.3,156.4,156.4,,
140,141,47,"retail trade, except of motor vehicles and motorcycles",Switzerland,,,335.8,47.7,115.2,115.6,28.2,4.5,27.2,10.5,,,,,,,,,2879.3,2654.2
141,142,47,"retail trade, except of motor vehicles and motorcycles",United Arab Emirates,,,12164.2,,1857.5,,463.8,463.8,581.3,581.3,703.9,703.9,320.7,320.7,144.8,144.8,26.1,26.1,249.5,249.5
142,143,47,"retail trade, except of motor vehicles and motorcycles",United Kingdom,,,,,,,,,,,,,443.7,,934,,106.5,0.9,4271,1.4
143,144,47,"retail trade, except of motor vehicles and motorcycles",United States,36.3,,4.6,,13.5,,22.1,,,,4.4,,,,,,,,,
144,145,47,"retail trade, except of motor vehicles and motorcycles",Other countries,,,,,,,,,,,,,,,,,,,3727.4,
145,146,49,land transport and via pipelines,International organizations,,,,,,,,,,,,,,,5044.3,,247.3,,9091.3,
146,147,49,land transport and via pipelines,Georgia,,,,,,,,,,,,,0.7,,2.8,,,,,
147,148,49,land transport and via pipelines,"Iran,Islamic Republic of",,,,,,,,,,,,,,,19.4,19.4,11.9,11.9,2.1,2.1
148,149,49,land transport and via pipelines,Russian Federation,1043.5,864,297.6,13,1233.1,591.5,771.1,183.7,930.2,551.3,1636.5,1114.2,1793.3,1865.7,8477.4,1266.5,3202,2304.5,798.6,430.6
149,150,49,land transport and via pipelines,Other countries,,,,,,,,,,,,,,,,,,,101,
150,151,51,air transport,Argentina,15740.7,97.7,34550.3,,7766.8,,7462.1,,11362.1,,281.6,7978.4,15335.1,10761.6,20131.3,20166.2,10519.4,15287.2,,
151,152,51,air transport,Georgia,,,,,1009,135.5,181.2,83.6,2547.1,761.5,798.4,1118.4,828.5,202.6,265.4,35,1650,413.4,2488.8,2488.8
152,153,51,air transport,Luxembourg,,,,,,,,,,,,,,,,,,,24639.7,24639.7
153,154,51,air transport,United Arab Emirates,,,,,,,,,,,,,,,,,2294.5,1645.6,579.9,1501.1
154,155,51,air transport,Ukraine,,,,,,,188.3,188.3,110.9,110.9,57.1,57.1,350.8,350.8,,,,,,
155,156,51,air transport,United Kingdom,2068.3,,,,,,,,,,,,,,,,,,,
156,157,51,air transport,Other countries,,,,,,,,,,,,,,,,,,,458.5,
157,158,52,warehousing and support activities for transportation, Argentina,,,,,,,,,,,,,,,610.9,610.9,,,,
158,159,52,warehousing and support activities for transportation,Georgia,10.8,9.9,0.5,0.2,1.1,1.8,0.1,,12.3,8.3,1.4,,,,,,,,,
159,160,52,warehousing and support activities for transportation,"Iran,Islamic Republic of",45.6,45.6,45.6,45.6,,,,,,,,,,,,,,,,
160,161,52,warehousing and support activities for transportation,Luxembourg,,,,,,,,,,,,,,,,,2957.4,2957.4,5462.1,5462.1
161,162,52,warehousing and support activities for transportation,United States,5.7,5.7,,,,,,,,,,,,,,,,,,
162,163,55,accommodation,"Virgin Islands, British",186,,217.9,,273.2,,,,,,,,,,0.8,,382.4,393.7,1534.4,1790.2
163,164,55,accommodation,Cyprus,3628.5,2892.5,218,772.1,35028.9,33865.2,4951.6,2665.6,4423.4,4162.4,4029,4003.4,1827.2,1409.7,5057,5070.3,1628.2,1667.2,1362.2,1362.2
164,165,55,accommodation,France,16.8,16.8,45.1,56.1,20.2,20.2,0.3,18,31.7,31.7,1.4,1.4,48.5,48.5,15.9,6.5,16.2,36.4,96.7,86.9
165,166,55,accommodation,Italy,452.5,452.5,4104.5,4057.6,2532.1,2568.6,96.1,173.6,860.8,858.2,972.3,972.3,,,868.5,868.5,800,800,1664.8,1664.8
166,167,55,accommodation,Russian Federation,26.5,26.5,2,2,1.5,1.5,,,,,,,,,,,,,184.5,
167,168,55,accommodation,Switzerland,,,,,,,,,,,,,,,158.5,,2.9,,942.9,
168,169,55,accommodation,Syrian Arab Republic,,,,,,,,,,,,,,,,,,,257.4,
169,170,55,accommodation,United Kingdom,26.5,26.5,2,2,1.5,1.5,,,58.7,58.7,153.1,153.1,212.2,212.2,353.5,353.5,574.7,574.7,689.9,689.9
170,171,55,accommodation,United States,166.4,116.3,3159.9,69.9,331.4,393.5,2366,184.4,206.7,122.2,1440.6,116,1618.3,753.4,1306.9,1252.8,503.8,816.1,1227.3,5.7
171,172,55,accommodation,Other countries,,,,,,,,,,,,,,,,,,,4.9,
172,173,56,food and beverage service activities,United Kingdom,,,,,,,751.1,,86.2,86.2,389.3,389.3,62.4,62.4,361.1,361.1,1449.1,1449.1,187.8,187.8
173,174,61,telecommunications,International organizations,,,,,,,,,,,,,,,,,,,983.5,
174,175,61,telecommunications,Cyprus,,,,,16738.6,1848.9,309.8,4897.6,4990,1195.6,1157.5,2101,9600.3,6881.6,5906,2334,1787.5,5938.1,3260.1,4611.4
175,176,61,telecommunications,France,2538.6,3187.7,43182.1,42502.2,,,,,,,,,,,,,,,,
176,177,61,telecommunications,Lebanon,6970.3,537.9,7346.8,6671,14550.1,13030.9,7396.9,7259.8,5307.7,3552,7818.8,7684.5,,,,,,,,
177,178,61,telecommunications,Netherlands,,,,,,,,,,,82.7,82.7,113.6,113.6,95.8,95.8,170.7,169.6,287.5,287.5
178,179,61,telecommunications,Russian Federation,7393.2,5987,3203.2,3685.3,4458.7,3970.8,1878.9,1648,1571.9,1218.1,5445.4,1897.3,43119.5,44455.7,553.7,,18364.4,,12516.4,
179,180,61,telecommunications,Seychelles,2003,2875.8,2108.1,2108.1,522.6,522.6,,,,,,,,,,,,,,
180,181,61,telecommunications,Other countries,,,,,,,,,,,,,,,,,,,59334.5,
181,182,62,"computer programming, consultancy and related activities",Cyprus,,,,,,,,,,,,,,,,,,,718.8,718.8
182,183,62,"computer programming, consultancy and related activities",Georgia,,,,,,,,,0.2,0.2,,,,,,,,,,
183,184,62,"computer programming, consultancy and related activities",Germany,0.1,0.1,,,62.8,62.8,19.7,19.7,35.3,35.3,31.1,31.1,,,,,,,85.5,85.5
184,185,62,"computer programming, consultancy and related activities",Ireland,5765.8,5765.8,3966.2,3966.2,1148.2,1148.2,591.8,591.8,1436.4,1436.4,,,349.1,349.1,567,567,1144.4,1144.4,,
185,186,62,"computer programming, consultancy and related activities",Netherlands,,,,,,,,,,,27,210.3,815,577.5,845,899.5,662.5,641.4,35.6,19
186,187,62,"computer programming, consultancy and related activities",Russian Federation,27.2,27.2,2.5,2.5,1.2,1.2,25.8,25.8,1.2,1.2,4.5,4.5,6.8,6.8,1.6,1.6,1.1,1.1,,
187,188,62,"computer programming, consultancy and related activities",United States,582.8,582.8,538.1,608.9,541.6,541.6,576.7,576.7,530.3,530.3,,,,,266.9,266.9,209.3,209.3,1300,1300
188,189,63,information  service activities,International organizations,,,,,,,,,,,,,,,,,,,338.9,
189,190,63,information  service activities,Canada,1,,4.6,,14.1,,12.6,11.5,10.5,,19.6,,27.6,9.1,60.2,10.6,74.5,7.3,2.2,2.2
190,191,63,information  service activities,Greece,,,,,,,,,,,,,,,,,,,57.9,
191,192,63,information  service activities,Ireland,421.2,,30.2,,12.3,,,,,,,,,,,,,,,
192,193,64,"financial service activities, except insurance and pension funding",Belize,22,22,750.2,750.2,108.8,108.8,327.3,327.3,431.5,431.5,296.3,296.3,0.7,0.7,26.1,26.1,257.1,257.1,113.5,113.5
193,194,64,"financial service activities, except insurance and pension funding",Greece,,,,,0.3,0.3,,,,,,,,,,,,,,
194,195,64,"financial service activities, except insurance and pension funding",Russian Federation,,,10.8,10.8,10.6,10.6,39.1,39.1,119.4,119.4,43.5,43.5,0.1,0.1,7.8,7.8,41.8,41.8,19.7,19.7
195,196,64,"financial service activities, except insurance and pension funding",United Arab Emirates,,,,,,,,,,,,,,,,,,,101904.6,101904.6
196,197,66,activities auxiliary to financial services and insurance activities,Russian Federation,26.6,26.6,,,,,,,,,129.3,129.3,,,14,14,9.3,9.3,156.6,156.6
197,198,66,activities auxiliary to financial services and insurance activities,United States,46.7,46.7,109.5,109.5,48.3,48.3,,,,,,,,,,,,,,
198,199,68,real estate activities,"Virgin Islands, British",,,,,,,,,,,,,,,,,267,267,,
199,200,68,real estate activities,Cyprus,,,,,,,635.3,5.5,144.3,,33.6,,453.4,,195.4,,158.3,,147.2,
200,201,68,real estate activities,Italy,,,,,,,578.9,578.9,124.9,124.9,164.2,164.2,48.4,48.4,2253.7,2253.7,868.5,868.5,,
201,202,68,real estate activities,Panama,,,,,,,1255.4,10.9,280.2,,66.4,,896.1,,92.4,,494.9,,,
202,203,68,real estate activities,Russian Federation,138.4,138.4,632.8,632.8,352.3,352.3,1540.5,1494.4,1629.6,476.6,7685.6,362.9,515.7,502.8,3157.1,2082.5,48335.5,16044.9,191.2,1070
203,204,68,real estate activities,Other countries,10810.1,10810.1,5741.4,5741.4,8710.7,8710.7,7634.2,7634.2,13224.5,13224.5,8999,8999,10098.2,10098.2,12295.5,12295.5,15427.7,15427.7,6263.3,6263.3
204,205,69,legal and accounting activities,Canada,,,,,,,,,,,,,,,,,,,0.3,
205,206,69,legal and accounting activities,China,,,,,,,,,,,,,,,,,,,1.1,
206,207,69,legal and accounting activities,Cyprus,1.4,,0.9,,0.4,,9.6,,3.7,,8.4,,12.4,,50.8,,202.7,,8.2,
207,208,69,legal and accounting activities,Kazakhstan,,,,,,,,,,,,,,,,,74.3,,476.4,476.4
208,209,69,legal and accounting activities,Liechtenstein,,,,,,,,,,,,,,,,,,,0.5,
209,210,69,legal and accounting activities,Netherlands,,,,,,,2,2,25.5,25.5,16,16,13.8,13.8,43.7,43.7,18.2,18.2,21,15.4
210,211,69,legal and accounting activities,Russian Federation,78.7,122.9,78.9,3.4,4.3,10.7,8,2,33.1,22.9,49.8,18,21.7,15.6,49.2,49.2,108,20.5,1,16.3
211,212,69,legal and accounting activities,United States,,,,,,,,,,,,,,,,,,,0.1,
212,213,69,legal and accounting activities,Other countries,,,,,,,,,,,,,,,,,,,7.2,
213,214,70,activities of head offices: management consultancy activities,Italy,,,,,375.8,92.9,7.1,5.7,8.7,,,,,,,,,,,
214,215,70,activities of head offices: management consultancy activities,Slovenia,10,10,7.6,7.6,5.9,5.9,3.6,3.6,6.4,6.4,2.6,2.6,0.4,0.4,0.3,0.3,0.8,0.8,3.2,3.2
215,216,70,activities of head offices: management consultancy activities,United States,,,,,,,,,,,,,,,20.4,11.8,130.2,130.2,,
216,217,72,scientific research and development,Russian Federation,15,15,125.7,125.7,11.9,11.9,9.1,9.1,380.5,380.5,,,,,316.2,316.2,109.5,109.5,88.2,88.2
217,218,72,scientific research and development,Switzerland,,,,,,,,,,,306.2,147.4,276.6,161.9,205.1,231.6,386.9,347,138.4,138.4
218,219,72,scientific research and development,United States,114.6,114.6,1,1,1.6,1.6,,,953.7,953.7,692.8,692.8,1732.5,1732.5,967.4,967.4,1011.6,1011.6,809.7,809.7
219,220,72,scientific research and development,Other countries,,,,,,,,,,,,,,,,,,,1,
220,221,74,"other professional, scientific and technical activities",Germany,,,,,,,,,,,,,79.1,79.1,88.6,88.6,23.3,23.3,,
221,222,74,"other professional, scientific and technical activities",Russian Federation,296.3,226.8,2.5,2.5,,,,,,,,,,,,,,,,
222,223,77,Rental and leasing activities,Czech Republic,,,,,,,,,,,,,,,67.1,67.1,2.8,2.8,24.1,24.1
223,224,77,Rental and leasing activities,Italy,,,,,746.1,582.3,65.6,66.5,19.2,,4.7,4.7,20.5,16.1,0.5,0.5,10.1,4.3,34.6,34.6
224,225,79,"travel agency, tour operator and other rezervation service and related activities",France,0.1,0.1,10.1,10.1,,,13.6,13.6,,,7,7,,,,,31.1,31.1,63.5,63.5
225,226,81,services to buildings and landscape activities,Lebanon,30.7,30.7,1180,1180,860.4,860.4,548.3,548.3,1307.7,1307.7,218.6,218.6,,,,,,,,
226,227,86,human health activities,Austria,,,,,,,,,,,,,,,63.4,,,,110.8,
227,228,92,gambling and betting activities,Russian Federation,,,135.4,135.4,,,,,,,,,,,,,,,,
228,229,92,gambling and betting activities,Other countries,,,,,,,,,,,,,,,,,,,8205.1,
229,230,93,sports activities and amusement and recreation activities,Russian Federation,451,394.2,205.5,216.4,17.1,,15.1,5.2,86.6,30.3,13.2,13.2,428.4,428.4,98.8,98.8,83.3,83.3,309.8,309.8
230,231,93,sports activities and amusement and recreation activities,United Kingdom,743,324.5,511,,244.2,,514.2,,73,,,,,,,,,,,
231,232,94,activities of membership organisations,United States,,,5,5,14,14,13.9,13.9,1.9,1.9,2.2,2.2,2.3,2.3,,,,,,
232,233,96,other personal service activities,Russian Federation,,,,,,,,,36.5,42.2,43.3,35.5,65.7,37.6,96.3,78.5,43.5,24.9,790.5,790.5
233,234,96,other personal service activities,Other countries,,,,,,,,,,,,,,,,,,,31.7,